{"cameraMode":{"drawMode":0,"name":"Shaded","section":"Shading Mode"},"sceneLighting":true,"audioPlay":false,"sceneViewState":{"showFog":true,"showMaterialUpdate":true,"showSkybox":true,"showFlares":true,"showImageEffects":true,"showParticleSystems":true},"in2DMode":false,"pivot":{"x":-5.429136276245117,"y":15.444008827209473,"z":-15.152238845825196},"rotation":{"x":0.47764062881469729,"y":-0.05134017392992973,"z":0.027973990887403489,"w":0.8766093850135803},"size":24.30221176147461,"orthographic":false}