{"cameraMode":{"drawMode":0,"name":"Shaded","section":"Shading Mode"},"sceneLighting":false,"audioPlay":false,"sceneViewState":{"showFog":false,"showMaterialUpdate":false,"showSkybox":false,"showFlares":false,"showImageEffects":false,"showParticleSystems":false},"in2DMode":false,"pivot":{"x":-0.4699999988079071,"y":10.069999694824219,"z":-20.809999465942384},"rotation":{"x":-0.17046523094177247,"y":0.009456602856516838,"z":-0.0016360689187422395,"w":-0.9853175282478333},"size":22.0,"orthographic":false}