{"cameraMode":{"drawMode":0,"name":"Shaded","section":"Shading Mode"},"sceneLighting":true,"audioPlay":false,"sceneViewState":{"showFog":false,"showMaterialUpdate":false,"showSkybox":false,"showFlares":false,"showImageEffects":false,"showParticleSystems":false},"in2DMode":false,"pivot":{"x":-2.442105293273926,"y":399.40032958984377,"z":2034.418701171875},"rotation":{"x":0.0877826139330864,"y":0.007470985874533653,"z":-0.000658386736176908,"w":0.9961122274398804},"size":8.633438110351563,"orthographic":false}